Product_Code,Week_Index,Forecasted_Sales,Volatility_Segment
P212,104,0.6115762,Low
P212,105,0.41392645,Low
P212,106,0.6885957,Low
P212,107,0.52226454,Low
P212,108,0.6885957,Low
P2,104,2.9404743,Medium
P2,105,3.5966785,Medium
P2,106,2.056696,Medium
P2,107,3.7135766,Medium
P2,108,2.3419151,Medium
P1,104,8.562242,High
P1,105,8.040675,High
P1,106,7.6607223,High
P1,107,7.6607223,High
P1,108,8.325589,High
